[
  {
    "name": "Theme settings",
    "settings": [
      {
        "type": "text",
        "id": "hero_title",
        "label": "Hero Section Title",
        "default": "Tech & Web Consulting for Entrepreneurs"
      },
      {
        "type": "textarea",
        "id": "hero_text",
        "label": "Hero Section Text",
        "default": "Helping creators, coaches, and business owners simplify, automate, and scale their digital presence."
      },
      {
        "type": "image_picker",
        "id": "logo",
        "label": "Logo Image"
      }
    ]
  }
]
